,Unnamed: 0,yield
2,annual_tmax,0.3951932577119314
3,season_tmax,0.3951932577119314
4,season_tavg,0.205342948607033
5,season_precip,0.1048504368934195
6,annual_precip,-0.2010149198318577
7,annual_tavg,-0.2400399337170371
8,season_tmin,-0.2552245059193395
9,annual_tmin,-0.6000959095200173
